{"designerVersion":"1.0.0.RC1","id":"c8e846d1-9336-4190-bc55-adb7175a07e1","name":"apiExtensionDatasourceViewer","type":"page","lastUpdate":1433519231311,"rows":[[{"type":"component","dimension":{"lg":12,"md":12,"sm":12,"xs":12},"propertyValues":{"cssClasses":{"type":"constant","value":""},"hidden":{"type":"constant","value":false},"text":{"type":"constant","value":"REST API extension overview"},"level":{"type":"constant","value":"Level 2"},"alignment":{"type":"constant","value":"left"}},"reference":"90b08c92-891b-4ec8-8b78-45b85024da91","id":"pbTitle"}],[{"type":"component","dimension":{"lg":12,"md":12,"sm":12,"xs":12},"propertyValues":{"cssClasses":{"type":"constant","value":""},"hidden":{"type":"constant","value":false},"disabled":{"type":"constant","value":false},"required":{"type":"constant","value":false},"labelHidden":{"type":"constant","value":false},"label":{"type":"constant","value":"Choose a REST API example"},"labelPosition":{"type":"constant","value":"top"},"labelWidth":{"type":"constant","value":6},"placeholder":{"type":"constant","value":"Select an option"},"availableValues":{"type":"data","value":"apiExtensions"},"value":{"type":"data","value":"currentApi"},"displayedKey":{"type":"constant","value":"description"},"returnedKey":{"type":"constant"}},"reference":"9c08e890-1bb6-4773-9d74-8d0225f2f374","id":"pbSelect"}],[{"type":"component","dimension":{"lg":12,"md":12,"sm":12,"xs":12},"propertyValues":{"cssClasses":{"type":"constant","value":""},"hidden":{"type":"constant","value":false},"method":{"type":"data","value":"currentApi.method"},"pathTemplate":{"type":"data","value":"currentApi.pathTemplate"},"description":{"type":"data","value":"currentApi.Description"},"queryString":{"type":"data","value":"currentApi.queryString"}},"reference":"83362852-fc2c-421e-a6b4-beec6b5c44f1","id":"customRestApiCall"}],[{"type":"component","dimension":{"lg":12,"md":12,"sm":12,"xs":12},"propertyValues":{"cssClasses":{"type":"constant","value":""},"hidden":{"type":"constant","value":true},"text":{"type":"data","value":"currentApi | json"},"alignment":{"type":"constant","value":"left"}},"reference":"ec1fbb95-5345-4d55-af4f-45ce7a13f63e","id":"pbText"}]],"assets":[],"data":{"apiExtensions":{"type":"json","value":"[\n    {\n        \"description\": \"Call to getClients query\",\n        \"method\": \"GET\",\n        \"pathTemplate\": \"sqlExample\",\n        \"permissions\": \"demoPermission\",\n        \"queryString\": \"queryId=getClients\"\n    },\n    {\n        \"description\": \"Call to getClientsByCountry with parameter\",\n        \"method\": \"GET\",\n        \"pathTemplate\": \"sqlExample\",\n        \"permissions\": \"demoPermission\",\n        \"queryString\": \"queryId=getClientsByCountry&country=France\"\n    }\n]","exposed":false},"currentApi":{"type":"json","value":"{}","exposed":false},"apiUrl":{"type":"url","value":"../API/extension/sqlExample","exposed":false}}}