{"designerVersion":"1.0.0-M18","id":"customRestApiCall","name":"restApiCall","lastUpdate":1433517660063,"template":"<hr>\n<div ng-show=\"properties.method\" ng-init=\"ctrl.initData()\">\n    <h3>{{properties.description}}</h3>\n\n   <label class=\"control-label\">REST API URL</label>\n        <pre>{{properties.method}} | /bonita/API/extension/{{properties.pathTemplate}}</pre>\n\n        <div ng-show=\"properties.queryString\">\n            <label class=\"control-label\">Query string</label>\n            <p>            \n                <input size=\"50\" type=\"text\" ng-show=\"properties.queryString\" ng-model=\"properties.queryString\">\n            </p>\n        </div>\n    \n    <div ng-show=\"properties.method=='POST'\">\n        <label class=\"control-label\">Json POST payload</label>\n        <p>\n            <textarea  ng-model=\"postPayload\" style=\"width: 300px;height: 120px\"></textarea>\n        </p>\n    </div>\n  \n   <div>\n       <p>\n        <input type=\"submit\" class=\"btn btn-primary\" ng-click=\"ctrl.callApi()\">\n        <input type=\"button\" class=\"btn btn-primary\" ng-click=\"ctrl.clear()\" value=\"Clear\">\n        </p>\n    </div>\n    \n    <hr>\n    <div ng-show=\"response\">\n\n        <label class=\"control-label\">Status</label>\n        <pre>{{response.respStatus}}</pre>\n        \n        <label class=\"control-label\">Returned data</label>\n        <pre>{{response.respData}}</pre>\n        \n        <label class=\"control-label\" ng-show=\"response.respHeaders\">Headers</label>\n        <pre ng-show=\"response.respHeaders\">{{response.respHeaders}}</pre>\n\n    </div>\n    \n    \n</div>","controller":"function WidgetrestApiCallController($scope,$http) {\n    \n    this.initData= function(){\n     $scope.postPayload='{\\n\"param1\":\"abc\",\\n\"param2\":123,\\n\"param3\":true\\n}';\n     $http({method:  'GET',url: '/bonita/API/system/session/1'})\n            .success(function (data, status, headers, config) {\n                $scope.apiToken= headers('X-Bonita-API-Token');\n            });\n    }\n    \n    this.callApi = function() {\n         $scope.response={};\n         \n         var apiUrl= '/bonita/API/extension/' + $scope.properties.pathTemplate;\n         if ($scope.properties.queryString){\n             apiUrl+= \"?\"+ $scope.properties.queryString ;\n         }\n         \n         $http({method:  $scope.properties.method, url: apiUrl, data: $scope.postPayload, headers:{'X-Bonita-API-Token':$scope.apiToken} })\n            .success(function (data, status, headers, config) {\n                $scope.response.respData = data;\n                $scope.response.respStatus = status;\n                $scope.response.respHeaders = headers('awesome header');\n            })\n            .error(function (data, status, headers, config) {\n                $scope.response.respData = data;\n                $scope.response.respStatus = status;\n            });\n        \n    };\n    \n     this.clear = function() {\n                $scope.response = null;\n                \n    };\n        \n    \n    \n}","custom":true,"properties":[{"label":"Method","name":"method","type":"text","defaultValue":"GET","bidirectional":false},{"label":"Path Template","name":"pathTemplate","type":"text","defaultValue":"demo/getExample","bidirectional":false},{"label":"Description","name":"description","type":"text","defaultValue":"Description","bidirectional":false},{"label":"Additionnal query string parameter ?","name":"queryString","type":"text","bidirectional":false}],"assets":[]}